{"cameraMode":{"drawMode":0,"name":"Shaded","section":"Shading Mode"},"sceneLighting":true,"audioPlay":false,"sceneViewState":{"m_AlwaysRefresh":false,"showFog":true,"showSkybox":true,"showFlares":true,"showImageEffects":true,"showParticleSystems":true,"showVisualEffectGraphs":true,"m_FxEnabled":false},"in2DMode":false,"pivot":{"x":25.60177230834961,"y":42.07676315307617,"z":5.411564826965332},"rotation":{"x":-0.19017766416072846,"y":0.02446562796831131,"z":-0.004846498835831881,"w":-0.9814774394035339},"size":1.6977264881134034,"orthographic":false}